sheet,concentration_mM,t_min,t_max,mean_dydt0,std_dydt0,n_trials
12_05,0.25,0.005,20,-0.018836143239870665,0.0004946708836508967,3
12_05,0.25,0.005,30,-0.01686611484470856,0.00040628248285635223,3
12_05,0.25,0.005,40,-0.015588415023450292,0.0009568119172953765,3
12_05,0.25,0.005,50,-0.014671308377741006,0.0009265855600693817,3
12_05,0.25,0.005,60,-0.013600491971320084,0.0010074995469483733,3
12_05,0.25,0.01,20,-0.018728213971255396,0.0005804850841086469,3
12_05,0.25,0.01,30,-0.01677242238306781,0.0004472625119971069,3
12_05,0.25,0.01,40,-0.015503732317401764,0.0009552134246665773,3
12_05,0.25,0.01,50,-0.0146020426495543,0.0009042695540206114,3
12_05,0.25,0.01,60,-0.013545714688374006,0.0009776832410900028,3
12_05,0.25,0.02,20,-0.018470129577042714,0.0005254592234986222,3
12_05,0.25,0.02,30,-0.016559600220826424,0.0004809149390524082,3
12_05,0.25,0.02,40,-0.015321873872705153,0.0009763588830062896,3
12_05,0.25,0.02,50,-0.014463189688084513,0.0008908749383191081,3
12_05,0.25,0.02,60,-0.013442264313579276,0.0009613335334680367,3
12_05,0.25,0.05,20,-0.018187033825519172,0.0005110389918372785,3
12_05,0.25,0.05,30,-0.016241815191380644,0.0005492184526839477,3
12_05,0.25,0.05,40,-0.015019486502793238,0.0010200092710669346,3
12_05,0.25,0.05,50,-0.014213868015170847,0.0008700506980869731,3
12_05,0.25,0.05,60,-0.013240071922501219,0.0009330195688528525,3
12_05,0.25,0.1,20,-0.017890452513859886,0.0005854011000965963,3
12_05,0.25,0.1,30,-0.015828618534697254,0.0006376368348395548,3
12_05,0.25,0.1,40,-0.01462199956347826,0.0010565608177822983,3
12_05,0.25,0.1,50,-0.01387643936397865,0.0008308175859385337,3
12_05,0.25,0.1,60,-0.012957423032363781,0.0008911323535002434,3
12_05,0.25,0.2,20,-0.01729844046332502,0.0007953591540023702,3
12_05,0.25,0.2,30,-0.015013606665263057,0.0007659361263397884,3
12_05,0.25,0.2,40,-0.013915580851121712,0.0010402757604895253,3
12_05,0.25,0.2,50,-0.01328246643184248,0.0007369642062932271,3
12_05,0.25,0.2,60,-0.012455671246046157,0.0008169718792009272,3
12_05,0.5,0.005,20,-0.021277043207058036,0.0002974356627839913,3
12_05,0.5,0.005,30,-0.020281351448795528,0.00027698437670653443,3
12_05,0.5,0.005,40,-0.018960575904628536,0.0003540628580318239,3
12_05,0.5,0.005,50,-0.014909199794756458,0.0010498869091483947,3
12_05,0.5,0.005,60,-0.01355304276685676,0.0009583414011208901,3
12_05,0.5,0.01,20,-0.02105193375030288,0.0003192133414006406,3
12_05,0.5,0.01,30,-0.02009283013309948,0.0002912412737969542,3
12_05,0.5,0.01,40,-0.01878347872051048,0.00037884744603650046,3
12_05,0.5,0.01,50,-0.014817297767386379,0.0010359983792576411,3
12_05,0.5,0.01,60,-0.01350356402255276,0.0009479517159044044,3
12_05,0.5,0.02,20,-0.02070416260402999,0.00042311885825138933,3
12_05,0.5,0.02,30,-0.01979526448600039,0.0003672794446435695,3
12_05,0.5,0.02,40,-0.01849656660255183,0.0004444470722144258,3
12_05,0.5,0.02,50,-0.014664846326361175,0.001029346111882007,3
12_05,0.5,0.02,60,-0.01341901572958428,0.0009390273410254508,3
12_05,0.5,0.05,20,-0.020442566698973517,0.0003271728115869093,3
12_05,0.5,0.05,30,-0.01952243564032566,0.00029670623340023066,3
12_05,0.5,0.05,40,-0.01816412322457927,0.00043215166786824875,3
12_05,0.5,0.05,50,-0.014400293527346836,0.0009624829011882615,3
12_05,0.5,0.05,60,-0.013249470189397749,0.000884723989130966,3
12_05,0.5,0.1,20,-0.020129415765570275,0.0002480739708569807,3
12_05,0.5,0.1,30,-0.01916683677340239,0.00023967364919220133,3
12_05,0.5,0.1,40,-0.017690635661637748,0.0004360309019859139,3
12_05,0.5,0.1,50,-0.014022353970820875,0.0008760742730557005,3
12_05,0.5,0.1,60,-0.012996416487478268,0.0008067299846153286,3
12_05,0.5,0.2,20,-0.019571155180042484,0.00037621566686039584,3
12_05,0.5,0.2,30,-0.0185137018243218,0.0003131102442261505,3
12_05,0.5,0.2,40,-0.016777580643394095,0.000546614041174866,3
12_05,0.5,0.2,50,-0.01338010217884287,0.0007853052693583551,3
12_05,0.5,0.2,60,-0.012581138598455522,0.0006795609716214609,3
12_05,1.0,0.005,20,-0.028816805755838188,0.0010705617748758038,4
12_05,1.0,0.005,30,-0.027241635081746374,0.0009775469522330874,4
12_05,1.0,0.005,40,-0.02416438295005613,0.003485670833127608,4
12_05,1.0,0.005,50,-0.020556491065418656,0.0029384042034568095,4
12_05,1.0,0.005,60,-0.017897972735838225,0.0005315686310187942,4
12_05,1.0,0.01,20,-0.0286907152264529,0.0011317145755739468,4
12_05,1.0,0.01,30,-0.02712444190856797,0.0010357528820146955,4
12_05,1.0,0.01,40,-0.02407056071341873,0.003564413119477804,4
12_05,1.0,0.01,50,-0.02044433691020743,0.0029402163606209197,4
12_05,1.0,0.01,60,-0.01784782158342307,0.000520785576506608,4
12_05,1.0,0.02,20,-0.028111581636004492,0.0010917483621120472,4
12_05,1.0,0.02,30,-0.02664217151398734,0.0009954573314546755,4
12_05,1.0,0.02,40,-0.02365283740324204,0.003470428056471506,4
12_05,1.0,0.02,50,-0.020053894258046878,0.002827245724517733,4
12_05,1.0,0.02,60,-0.017710912536620757,0.0005119458467613548,4
12_05,1.0,0.05,20,-0.027567175712341765,0.0011261244379278817,4
12_05,1.0,0.05,30,-0.026101465045252688,0.001004967189509535,4
12_05,1.0,0.05,40,-0.02307821245139011,0.0033930371833277937,4
12_05,1.0,0.05,50,-0.019505848384230178,0.0026576610028056728,4
12_05,1.0,0.05,60,-0.01743744569192522,0.0005080707545378735,4
12_05,1.0,0.1,20,-0.02696071965443816,0.0011537842270913448,4
12_05,1.0,0.1,30,-0.02543887222433796,0.0010028761755802708,4
12_05,1.0,0.1,40,-0.022343752901726067,0.003299865508528455,4
12_05,1.0,0.1,50,-0.018854961678977107,0.0024286135482101045,4
12_05,1.0,0.1,60,-0.017048052964478557,0.0005189648596552824,4
12_05,1.0,0.2,20,-0.025793581957725843,0.001123611184232178,4
12_05,1.0,0.2,30,-0.024181982663796744,0.0009371394105216687,4
12_05,1.0,0.2,40,-0.0209864047812227,0.0030299822243080236,4
12_05,1.0,0.2,50,-0.017764627636927835,0.0019298844795778447,4
12_05,1.0,0.2,60,-0.01637139157192992,0.0005857685815634559,4
12_13,0.25,0.005,20,-0.02225789697268156,0.0009385365582873848,4
12_13,0.25,0.005,30,-0.02085008665157676,0.000787148712912917,4
12_13,0.25,0.005,40,-0.01942361482136417,0.0007325017752208656,4
12_13,0.25,0.005,50,-0.017977378614055108,0.0008928611405526105,4
12_13,0.25,0.005,60,-0.01680731759904324,0.0012915155197747651,4
12_13,0.25,0.01,20,-0.022018271561855613,0.0008603664419545699,4
12_13,0.25,0.01,30,-0.020657916240878177,0.0007541803199683193,4
12_13,0.25,0.01,40,-0.019257107247080112,0.0007048165103569818,4
12_13,0.25,0.01,50,-0.017840850386078053,0.000831317900107916,4
12_13,0.25,0.01,60,-0.016697029781746434,0.001220916373549097,4
12_13,0.25,0.02,20,-0.021742244114610305,0.0008324355768241159,4
12_13,0.25,0.02,30,-0.020419741027261788,0.0007368005108946376,4
12_13,0.25,0.02,40,-0.019038102126878897,0.0006858385742487848,4
12_13,0.25,0.02,50,-0.017658450434595352,0.0008009598663540022,4
12_13,0.25,0.02,60,-0.016553080904579447,0.0011824416283866311,4
12_13,0.25,0.05,20,-0.02150176382564329,0.0007778358215008838,4
12_13,0.25,0.05,30,-0.020146559931289887,0.000691050649439445,4
12_13,0.25,0.05,40,-0.018731287911835405,0.000639830613754305,4
12_13,0.25,0.05,50,-0.017368043873687546,0.0007603735102668711,4
12_13,0.25,0.05,60,-0.01630594553072642,0.0011423920427464187,4
12_13,0.25,0.1,20,-0.02115768544899499,0.0007556370282316416,4
12_13,0.25,0.1,30,-0.019737274762318346,0.0006662051111292167,4
12_13,0.25,0.1,40,-0.018265717753632373,0.0006021983709493665,4
12_13,0.25,0.1,50,-0.016934689988792342,0.00071997907230467,4
12_13,0.25,0.1,60,-0.015934672705597164,0.0010966170594636062,4
12_13,0.25,0.2,20,-0.02047674572385766,0.0007113748291441067,4
12_13,0.25,0.2,30,-0.01893829259326841,0.0006107173229765743,4
12_13,0.25,0.2,40,-0.017390514179108977,0.0005188208969095665,4
12_13,0.25,0.2,50,-0.016162143443102486,0.0006482124713434033,4
12_13,0.25,0.2,60,-0.015271849957961473,0.0010287489971483983,4
12_13,0.5,0.005,20,-0.026980255680921224,0.0004546615122268358,4
12_13,0.5,0.005,30,-0.02560018121052933,0.00038268287155657904,4
12_13,0.5,0.005,40,-0.024490195360451286,0.00037608418722502704,4
12_13,0.5,0.005,50,-0.02355033028475945,0.00038463174058404935,4
12_13,0.5,0.005,60,-0.022791509352883873,0.0004132585217308888,4
12_13,0.5,0.01,20,-0.026779059537950567,0.0003553016931943939,4
12_13,0.5,0.01,30,-0.025427186688494634,0.00031879759591647155,4
12_13,0.5,0.01,40,-0.024326671880797606,0.0003219562625573424,4
12_13,0.5,0.01,50,-0.023393229551746643,0.00033158689322302076,4
12_13,0.5,0.01,60,-0.02264152177927959,0.0003545049652848024,4
12_13,0.5,0.02,20,-0.02650781235458443,0.00035942186235168514,4
12_13,0.5,0.02,30,-0.025182953752228406,0.0003254083675793297,4
12_13,0.5,0.02,40,-0.024088513987951834,0.0003253801491822606,4
12_13,0.5,0.02,50,-0.023159752861044693,0.0003295358108919626,4
12_13,0.5,0.02,60,-0.02241611723805531,0.0003440366048077807,4
12_13,0.5,0.05,20,-0.026214946734638936,0.00041197861534230464,4
12_13,0.5,0.05,30,-0.024856773993611407,0.0003594331182693742,4
12_13,0.5,0.05,40,-0.023726332261444882,0.00035135757495077916,4
12_13,0.5,0.05,50,-0.02277359158994844,0.0003482993122555484,4
12_13,0.5,0.05,60,-0.02202390784635202,0.00035616262567087636,4
12_13,0.5,0.1,20,-0.025764763817067896,0.0004628928094781371,4
12_13,0.5,0.1,30,-0.024347034448409667,0.00038620121614967636,4
12_13,0.5,0.1,40,-0.0231558993872891,0.000365919534390209,4
12_13,0.5,0.1,50,-0.022167600306853982,0.0003495963353793562,4
12_13,0.5,0.1,60,-0.021415011174763667,0.000344862562625057,4
12_13,0.5,0.2,20,-0.024910286659817468,0.00047701326210684944,4
12_13,0.5,0.2,30,-0.02337804733019946,0.00037070976326824705,4
12_13,0.5,0.2,40,-0.022075177268291987,0.00033168195712478715,4
12_13,0.5,0.2,50,-0.021044529384133495,0.00029435620551910354,4
12_13,0.5,0.2,60,-0.02031726376625828,0.00027451760761669085,4
12_13,1.0,0.005,20,-0.035648306819875034,0.0003974035088975204,4
12_13,1.0,0.005,30,-0.03414228983171959,0.0004110848731242607,4
12_13,1.0,0.005,40,-0.033403374732091484,0.0004237493829888479,4
12_13,1.0,0.005,50,-0.032944780240343224,0.0004646640142411409,4
12_13,1.0,0.005,60,-0.03258150001084112,0.0006256145815453616,4
12_13,1.0,0.01,20,-0.03490793371344539,0.0005611264310326719,4
12_13,1.0,0.01,30,-0.03353338245628095,0.0004938194686384672,4
12_13,1.0,0.01,40,-0.03283600725879249,0.0004525111457880946,4
12_13,1.0,0.01,50,-0.03239707039655369,0.0004570142456592567,4
12_13,1.0,0.01,60,-0.032044961230780704,0.0005746759264975091,4
12_13,1.0,0.02,20,-0.03436637683825419,0.0005720442611014771,4
12_13,1.0,0.02,30,-0.03306173539838583,0.0005059981158529366,4
12_13,1.0,0.02,40,-0.03238449874797281,0.000462380061358827,4
12_13,1.0,0.02,50,-0.03195393131175481,0.0004648473637022499,4
12_13,1.0,0.02,60,-0.031605552831009125,0.0005833674308887802,4
12_13,1.0,0.05,20,-0.03395978703835578,0.0006397786595402173,4
12_13,1.0,0.05,30,-0.03262393096723083,0.0005628416142052574,4
12_13,1.0,0.05,40,-0.03192499463516113,0.0005194058405509204,4
12_13,1.0,0.05,50,-0.031478249677901395,0.0005243236923483902,4
12_13,1.0,0.05,60,-0.031114375030546985,0.0006544616135525468,4
12_13,1.0,0.1,20,-0.03327829975118726,0.0006971431736037086,4
12_13,1.0,0.1,30,-0.03189871343746671,0.0006066808929075704,4
12_13,1.0,0.1,40,-0.031166136799716068,0.0005677813555895213,4
12_13,1.0,0.1,50,-0.030693517905183775,0.0005811025920707641,4
12_13,1.0,0.1,60,-0.030303967590487035,0.0007379511139246072,4
12_13,1.0,0.2,20,-0.03189654093925153,0.0007786361986495947,4
12_13,1.0,0.2,30,-0.03046373736036116,0.0006527313712208901,4
12_13,1.0,0.2,40,-0.02967422167801581,0.0006200541914453073,4
12_13,1.0,0.2,50,-0.02915433930813078,0.0006498074953161821,4
12_13,1.0,0.2,60,-0.028714353635072604,0.000859729209405005,4
01_14,0.25,0.005,20,-0.01829111777261803,0.00021278521740700516,6
01_14,0.25,0.005,30,-0.01714064645596405,0.0002299928784419602,6
01_14,0.25,0.005,40,-0.015421909816352332,0.001029237287131095,6
01_14,0.25,0.005,50,-0.013555883155935292,0.001008350608060743,6
01_14,0.25,0.005,60,-0.012708965256964746,0.0009007743928552166,6
01_14,0.25,0.01,20,-0.017861972909486688,0.00022614596427597647,6
01_14,0.25,0.01,30,-0.016813711328222906,0.00023074922999266243,6
01_14,0.25,0.01,40,-0.015173457986154866,0.0009766253617885384,6
01_14,0.25,0.01,50,-0.013421378099515135,0.0009486197865473135,6
01_14,0.25,0.01,60,-0.012615245886474289,0.0008610042972170696,6
01_14,0.25,0.02,20,-0.01734734259118204,0.00017220428831800735,6
01_14,0.25,0.02,30,-0.01640792533840709,0.00019071015659786848,6
01_14,0.25,0.02,40,-0.014858855559384257,0.0009248180878790401,6
01_14,0.25,0.02,50,-0.013250950917022544,0.0009146715363388714,6
01_14,0.25,0.02,60,-0.012491560183776132,0.0008380435222182808,6
01_14,0.25,0.05,20,-0.01709631178814959,0.00014492268556222317,6
01_14,0.25,0.05,30,-0.016156656464645956,0.00017582045682936105,6
01_14,0.25,0.05,40,-0.014600261671845154,0.0009064521959325341,6
01_14,0.25,0.05,50,-0.013066150321214649,0.000892895269876276,6
01_14,0.25,0.05,60,-0.012339946508183576,0.000822978290551425,6
01_14,0.25,0.1,20,-0.016841367125943002,0.00018086400679436927,6
01_14,0.25,0.1,30,-0.015864281820254466,0.0002022808218065913,6
01_14,0.25,0.1,40,-0.014271224038988893,0.0008912551514243044,6
01_14,0.25,0.1,50,-0.012814480102320188,0.0008655283992849906,6
01_14,0.25,0.1,60,-0.01212607909400209,0.000802989726965492,6
01_14,0.25,0.2,20,-0.01638755845349977,0.00029149864137556014,6
01_14,0.25,0.2,30,-0.015330227859000935,0.00027408262360200004,6
01_14,0.25,0.2,40,-0.013690915958345427,0.0008630903312000636,6
01_14,0.25,0.2,50,-0.012370953925683645,0.0008186634187872934,6
01_14,0.25,0.2,60,-0.011742700797531114,0.0007688763373725058,6
01_14,0.5,0.005,20,-0.023241003211910666,0.0004198897799299465,6
01_14,0.5,0.005,30,-0.02196368061747535,0.0004235332656632109,6
01_14,0.5,0.005,40,-0.020170749447271322,0.0016177913174894852,6
01_14,0.5,0.005,50,-0.017610366174563612,0.0019062519618798898,6
01_14,0.5,0.005,60,-0.016088889228003268,0.001844671805177217,6
01_14,0.5,0.01,20,-0.02265112121656776,0.0004329724113722108,6
01_14,0.5,0.01,30,-0.021505719583789426,0.00043180350553142924,6
01_14,0.5,0.01,40,-0.019794080445663054,0.001552638913104579,6
01_14,0.5,0.01,50,-0.017352750229785236,0.001784959621036542,6
01_14,0.5,0.01,60,-0.015935021403484552,0.0017242743369300356,6
01_14,0.5,0.02,20,-0.022102403190073023,0.00040214705258900807,6
01_14,0.5,0.02,30,-0.021059796211204063,0.00040861373894895855,6
01_14,0.5,0.02,40,-0.019408318022487228,0.0014809039042947534,6
01_14,0.5,0.02,50,-0.01707469185698778,0.0016758797321253236,6
01_14,0.5,0.02,60,-0.01576660576237152,0.0016320486683285018,6
01_14,0.5,0.05,20,-0.021850307262622177,0.00033998983908763934,6
01_14,0.5,0.05,30,-0.020789100815992664,0.0003709847324591942,6
01_14,0.5,0.05,40,-0.019097184526042598,0.001483875703815135,6
01_14,0.5,0.05,50,-0.016790961143473702,0.0016444519488778059,6
01_14,0.5,0.05,60,-0.01556185274087439,0.001595086954063015,6
01_14,0.5,0.1,20,-0.021537464177829452,0.00028608725280046933,6
01_14,0.5,0.1,30,-0.020422466183229255,0.00034275221218428765,6
01_14,0.5,0.1,40,-0.018651136911094292,0.0014792402948019033,6
01_14,0.5,0.1,50,-0.01637255324708212,0.0015748440121032443,6
01_14,0.5,0.1,60,-0.015246379010223918,0.0015120221661157067,6
01_14,0.5,0.2,20,-0.020897746510807697,0.0002647334723806426,6
01_14,0.5,0.2,30,-0.019688944220660955,0.0003430177861394285,6
01_14,0.5,0.2,40,-0.017787416385725577,0.001430589760923436,6
01_14,0.5,0.2,50,-0.015628503499088238,0.0014292212183064574,6
01_14,0.5,0.2,60,-0.014663612785845909,0.0013416926048572667,6
01_14,1.0,0.005,20,-0.03262066188735287,0.0016471952726103594,6
01_14,1.0,0.005,30,-0.031250675668832974,0.0013595873320155763,6
01_14,1.0,0.005,40,-0.03049844532622684,0.0013317603346907924,6
01_14,1.0,0.005,50,-0.029454821083547644,0.0016953819626416376,6
01_14,1.0,0.005,60,-0.025582670877946547,0.0049860836219238515,6
01_14,1.0,0.01,20,-0.03173737822930886,0.001289159551963952,6
01_14,1.0,0.01,30,-0.030537733849763934,0.00109202609975433,6
01_14,1.0,0.01,40,-0.02984650780519661,0.001091842021710533,6
01_14,1.0,0.01,50,-0.02884379066395326,0.0014457603052662796,6
01_14,1.0,0.01,60,-0.02506141528853385,0.004655357308012879,6
01_14,1.0,0.02,20,-0.030908340059033243,0.0010480926100094256,6
01_14,1.0,0.02,30,-0.029843828871583104,0.0009199151406172949,6
01_14,1.0,0.02,40,-0.029200680919287163,0.0009485959949679673,6
01_14,1.0,0.02,50,-0.02822577002813234,0.0013161847328550342,6
01_14,1.0,0.02,60,-0.024448656281192124,0.0044404182011318245,6
01_14,1.0,0.05,20,-0.03052696336852113,0.0009189025136565191,6
01_14,1.0,0.05,30,-0.02944250130770927,0.000824133264880694,6
01_14,1.0,0.05,40,-0.028779754656869962,0.0008727701868330132,6
01_14,1.0,0.05,50,-0.0277538706693501,0.0012851160389365428,6
01_14,1.0,0.05,60,-0.02381647409648566,0.004442099077926854,6
01_14,1.0,0.1,20,-0.02999019854748924,0.0008855020438445455,6
01_14,1.0,0.1,30,-0.02885829834080225,0.0008101846988565449,6
01_14,1.0,0.1,40,-0.02815689276075935,0.000871633822609189,6
01_14,1.0,0.1,50,-0.027035352826796057,0.001329646618694663,6
01_14,1.0,0.1,60,-0.023063774826839495,0.004351912563899008,6
01_14,1.0,0.2,20,-0.028932302900013352,0.0008427740716566359,6
01_14,1.0,0.2,30,-0.027723787887664955,0.0008034507729332778,6
01_14,1.0,0.2,40,-0.02694825323905364,0.0008858275638044148,6
01_14,1.0,0.2,50,-0.025609053329436127,0.001464907383319152,6
01_14,1.0,0.2,60,-0.021237561835929116,0.004092651840203128,6
