sheet,concentration_mM,trial,y_start,y_end,amplitude,baseline_offset,A0,A1,k1,A2,k2,dydt0,k1_err,k2_err,residual_rms,residual_max,r2
12_05,0.25,0,0.132847,0.0770889,0.05575809999999999,0.0770889,0.07576708334090589,0.019377068868562563,0.5810644604870588,0.041932813751168606,0.09775378048424337,-0.015358417138450287,0.003209001541501805,0.00033598336932754997,0.0004116938688792228,0.005733330929831415,0.9991170006501189
12_05,0.25,1,0.133983,0.0784461,0.055536899999999986,0.0784461,0.07694356143382935,0.02160168350647791,0.4961990008566974,0.03943011041738428,0.09152960986323212,-0.014327756396104287,0.0034119831893213415,0.0005167360221993264,0.0005194563218454511,0.006947189121229963,0.9985949655008337
12_05,0.25,2,0.1362825,0.0809703,0.055312200000000006,0.0809703,0.08031576667972859,0.017140424875317722,0.6595672981021203,0.04333509268192346,0.11478420957202908,-0.01627944808356089,0.002725013673432603,0.00021353157365127504,0.00027377047176830986,0.0021238217661967984,0.9996137295644119
12_05,0.5,0,0.12231149999999999,0.0676281,0.05468339999999999,0.0676281,0.06709675895418298,0.02044267181759129,0.6919582270805554,0.04018366174301694,0.11923430053099374,-0.018936745748392783,0.002694908920985588,0.0002572514167502471,0.00031271563058299183,0.001821021021081226,0.9994843968712376
12_05,0.5,1,0.120418,0.06756390000000001,0.05285409999999999,0.06756390000000001,0.06729658830342437,0.019528301073342042,0.6765336690875136,0.03861619529508376,0.12524325431474662,-0.01804797114420382,0.0036340937217759087,0.00036270999843926867,0.00039209896072354766,0.0026354479755219123,0.9991386111740623
12_05,0.5,2,0.121488,0.0698134,0.0516746,0.0698134,0.069617623768755,0.017738693289564796,0.7499126739977552,0.03925601795059305,0.13252775672772274,-0.018504982915058886,0.0029204558813640024,0.00023091715320390852,0.00027148011920712637,0.0016292289918628522,0.9995701425299566
12_05,1.0,0,0.120057,0.0692996,0.050757399999999994,0.0692996,0.06956011132033794,0.021315021827587342,0.86736839038885,0.0362151028534663,0.17350812842286537,-0.02477159089044415,0.0032369474812621825,0.0003197051325432283,0.0002958008950638562,0.0021617893047615466,0.9994882389785533
12_05,1.0,1,0.1198845,0.06753075,0.052353750000000004,0.06753075,0.06796059080234654,0.02296159297682161,0.8580987695736441,0.03610189170358053,0.16432083030652947,-0.02563560750123021,0.004578875373357724,0.0004772295087575933,0.0004682455812462305,0.002873146957254602,0.9987603116564244
12_05,1.0,2,0.121726,0.0708817,0.050844299999999995,0.0708817,0.07116296304142525,0.02113768965634143,0.9178296030808396,0.03673405251854414,0.1719507493069353,-0.025717245162969804,0.0032097420361657967,0.00028473657596688785,0.00028824896888625097,0.0021538830785670093,0.9995117299650508
12_05,1.0,3,0.119808,0.06599545,0.05381255,0.06599545,0.06041586570722434,0.041281114869910034,0.425362312290368,0.02270174209838833,0.04085481983343565,-0.018486906058324003,0.0014814720814238678,0.000989170623855845,0.0006688697806975492,0.0038291781887479087,0.9974789935484435
12_13,0.25,0,0.144265,0.07418245000000001,0.07008255,0.07418245000000001,0.07254206369031407,0.021521259115785278,0.6273505740361411,0.055465707345619016,0.09767601283649897,-0.018919043402944608,0.0024011569728134875,0.00018985777167159943,0.00033691477234505305,0.0018154474157254796,0.9996223751215979
12_13,0.25,1,0.142708,0.07197375,0.07073425,0.07197375,0.07047793608185096,0.020875065984272793,0.6692448996001722,0.05680689313752212,0.10034690791458743,-0.019670927513376357,0.002551628529546059,0.00017545952817963635,0.0003362496066643584,0.001987475310010811,0.9996305347261063
12_13,0.25,2,0.140304,0.0696871,0.07061690000000001,0.0696871,0.06750114413517386,0.021278026498169844,0.609931538319306,0.05661050445059108,0.09089516506328428,-0.018123760580779955,0.0021720792857306812,0.00017096850705364207,0.0003160480409885925,0.0015508117263800247,0.9996686469082463
12_13,0.25,3,0.13465549999999998,0.06111495,0.07354054999999998,0.06111495,0.05916723799857292,0.02226601624255738,0.623626429548263,0.05872458103871317,0.09456007522887652,-0.019438677010414664,0.002298608392920475,0.00017803765781864014,0.000340362819751015,0.0031961085911411113,0.9996483348359095
12_13,0.5,0,0.135856,0.06367955,0.07217645,0.06367955,0.06310641850718139,0.023602033223292997,0.7298218979861284,0.0559383721604811,0.11775694144046661,-0.023812412298132156,0.002375898372219777,0.0001736537954424163,0.0003166280771254627,0.002387767251876366,0.9996937428956703
12_13,0.5,1,0.133541,0.06195165,0.07158935,0.06195165,0.06137587777494579,0.022985949982035417,0.760782036315126,0.05594916014932085,0.11857719713897669,-0.024121592426756735,0.0024987592155719207,0.0001680368949079845,0.0003191921157457568,0.0014734742398927747,0.999682261651751
12_13,0.5,2,0.1343835,0.060995850000000004,0.07338764999999998,0.060995850000000004,0.06028704314711139,0.024394376595280747,0.7135968579962816,0.056564215489773265,0.11451855235955939,-0.02388540256441337,0.002290353648974486,0.000174971703667552,0.000322331276329861,0.0018028437502763117,0.9996918443781637
12_13,0.5,3,0.1377495,0.0661629,0.0715866,0.0661629,0.06576187429036226,0.023649644199925976,0.7540904391709312,0.055275477812101736,0.12122334074296558,-0.024534648662505088,0.0024594747420963745,0.0001758848428567407,0.0003202892381857405,0.0016163329752176825,0.9996813284836729
12_13,1.0,0,0.123519,0.0536009,0.06991810000000001,0.0536009,0.053669558559212995,0.025552514139012,0.9176828787938595,0.053349699798256975,0.16182419886594143,-0.03208237716510075,0.0024513178202851637,0.0001733975729773119,0.00027602814916287784,0.0014345294197531666,0.9997639214511131
12_13,1.0,1,0.124476,0.0540212,0.07045480000000001,0.0540212,0.05421205126356299,0.025109896817381152,0.9596237253262946,0.054253052594465126,0.16538546721513234,-0.03306871917763693,0.002622930963037023,0.00017101533291703365,0.00028191293530488844,0.0011764563571554643,0.9997560202258617
12_13,1.0,2,0.127554,0.0589191,0.0686349,0.0589191,0.059153550225245634,0.025113615069803898,0.932595688285859,0.05237003382755643,0.16623438656747766,-0.03212654957921179,0.002792083488246374,0.00019700044376576412,0.0003024688521025854,0.0015369853323810578,0.9997062183265122
12_13,1.0,3,0.119597,0.0476487,0.07194829999999999,0.0476487,0.04774506794690706,0.024122974258275257,0.9514564457576261,0.0567338089680096,0.16407129876136511,-0.0322603490699418,0.0025967904345249493,0.00015652674045929556,0.0002702518455120452,0.001915710708497137,0.9997873786950949
01_14,0.25,0,0.12367800000000001,0.066918,0.056760000000000005,0.066918,0.06604664672801323,0.016336115244552574,0.6400855241458533,0.045690446152201726,0.1111988826232242,-0.015537237447497923,0.0027053164948475463,0.00019784965389383515,0.0002655556163754015,0.0016028623428828437,0.999656642737477
01_14,0.25,1,0.1201905,0.0599181,0.060272400000000004,0.0599181,0.05872024723032819,0.018118856313794108,0.591484165877432,0.04774792920809848,0.10182674521884472,-0.01557903283561803,0.0022958047646547733,0.00019428066430019628,0.0002676060964329085,0.0019640588569002637,0.9996849314272844
01_14,0.25,2,0.122335,0.06334980000000001,0.05898519999999999,0.06334980000000001,0.06144593884922848,0.020093225088609,0.5355823203191785,0.045009453492721625,0.09283214633568598,-0.014939900288778327,0.0024772332804885305,0.0002771751214535842,0.000344919261946655,0.002949768856190832,0.9994519952776353
01_14,0.25,3,0.119733,0.0587921,0.060940900000000006,0.0587921,0.05365637519307365,0.02997932209052906,0.36275126620472387,0.039611286518162814,0.058491407882416274,-0.013191956964779783,0.0014694797367635574,0.00044365714157696627,0.0004197116793493301,0.002585254330349368,0.9992177859507507
01_14,0.25,4,0.12077550000000001,0.061688099999999996,0.05908740000000001,0.061688099999999996,0.060530448241496254,0.017671485951860137,0.6006808301604846,0.04701223451566959,0.10284635092142504,-0.015449959620331574,0.002296762678984907,0.00018891537562339733,0.0002588288211671701,0.0019127708200152027,0.9996946407630751
01_14,0.25,5,0.124804,0.06746895,0.05733505,0.06746895,0.06614923748230689,0.02081291262175761,0.5035608638008289,0.041811275994285024,0.09505756154917945,-0.014455046199299916,0.00255382747639293,0.0003468757390929336,0.000364212113562054,0.0022108870009109882,0.9993530146761657
01_14,0.5,0,0.01480755,-0.0468708,0.06167834999999999,-0.0468708,-0.04733228492490504,0.020407859890004206,0.6690085527111351,0.047205762652244895,0.1255812418268018,-0.019581191104193516,0.0028396500672114894,0.00024636603534105477,0.0003200695193401519,0.00187716103594536,0.9995841406575864
01_14,0.5,1,0.0183731,-0.04290915,0.061282249999999996,-0.04290915,-0.04357551791916813,0.022086276323847076,0.651656260832294,0.04550338006415005,0.12141226567492776,-0.019917328714362807,0.0031911020457134646,0.0003182534516807338,0.0003992175176884466,0.0026746650008571543,0.9993428926287984
01_14,0.5,2,0.0144198,-0.0467517,0.061171500000000004,-0.0467517,-0.04694209081129045,0.018464795271153668,0.7528287973034168,0.048545927134611,0.13478307704688075,-0.020443999053732967,0.0027053905864929018,0.0001804989052764888,0.00025894017600399,0.0010946004580957049,0.9997242575521122
01_14,0.5,3,0.017862,-0.0447973,0.0626593,-0.0447973,-0.04836683751440053,0.03540780518157605,0.4011401742296481,0.03509891055500765,0.06448391049065513,-0.016466808146175477,0.0016371268051416298,0.0005844479641130762,0.0005221823993718358,0.0029870922867365514,0.9988628825567388
01_14,0.5,4,0.01837315,-0.0408369,0.05921005,-0.0408369,-0.04101586995448877,0.019111842747091604,0.7059988531444514,0.04575542975084642,0.13570707053593334,-0.019702274393523834,0.0027890489511267443,0.00022437513540101006,0.00027799062525387427,0.001500550371689783,0.9996631239230422
01_14,0.5,5,0.0176066,-0.0420821,0.0596887,-0.0420821,-0.04230037193526392,0.019279040259643766,0.729739357715766,0.04634759590017241,0.1352741635184278,-0.020338306722934775,0.002745142795343769,0.00020964017859348864,0.00027530342789685707,0.0014699011471506797,0.9996742921268637
01_14,1.0,0,0.111157,0.052338,0.058819,0.052338,0.0526238450219916,0.020675004452004608,0.9542407461496137,0.04576834495871311,0.19306135166301155,-0.028565030216035597,0.0029685738067499984,0.00021483957695721384,0.00023888436005627055,0.001367651241265172,0.9997577911709478
01_14,1.0,1,0.115064,0.05790855,0.05715545,0.05790855,0.05811860025625814,0.020478329570665192,0.9816040283219857,0.04455321379743407,0.19878927342154765,-0.028958311799256984,0.0029539853625883744,0.00021464381972920282,0.00022878840521723453,0.001138307042259562,0.9997663902064384
01_14,1.0,2,0.113463,0.05572245000000001,0.05774054999999999,0.05572245000000001,0.05606416200017673,0.02180333275105739,0.9106019037390813,0.0434930127590714,0.1878074320106449,-0.028022467347656933,0.003269193199467306,0.0002735526831806343,0.00028627003166478465,0.0014482699335850169,0.9996368810270184
01_14,1.0,3,0.1095895,0.0501992,0.05939030000000001,0.0501992,0.05048308619177236,0.020273791096973613,1.052125695830676,0.04739840473207589,0.19801401351155126,-0.030716124920072377,0.0034083647907127575,0.00020887702994541542,0.00025564550217455675,0.002683634220234196,0.9997290299386125
01_14,1.0,4,0.1159325,0.05913095,0.05680154999999999,0.05913095,0.05927687379592523,0.02072650753567602,0.980092696215129,0.04407858160480492,0.20047637175037772,-0.02915061276579813,0.002949243109459451,0.00022133678475197107,0.00022992124642299403,0.001242482973690076,0.9997617862068501
01_14,1.0,5,0.11414,0.05558175,0.058558250000000006,0.05558175,0.05585652001191838,0.020609870228550466,1.0044930437763366,0.045929519240316685,0.1978916248096208,-0.02979153846690297,0.003210358822033991,0.0002198028403965551,0.00024916401301840175,0.0015846289890002058,0.999734670488956
